name,rate,category,location,info_link,cover_link
鬼子来了,9.2,喜剧,大陆,https://movie.douban.com/subject/1291858/,https://img3.doubanio.com/view/photo/s_ratio_poster/public/p1181775734.jpg
狐妖小红娘剧场版：王权富贵,9.2,喜剧,大陆,https://movie.douban.com/subject/26946612/,https://img3.doubanio.com/view/photo/s_ratio_poster/public/p2409467410.jpg
齐天乐,9.2,喜剧,大陆,https://movie.douban.com/subject/11498192/,https://img3.doubanio.com/view/photo/s_ratio_poster/public/p1625056904.jpg
花为媒,9.1,喜剧,大陆,https://movie.douban.com/subject/2357317/,https://img3.doubanio.com/view/photo/s_ratio_poster/public/p2173058450.jpg
一磅肉,9.1,喜剧,大陆,https://movie.douban.com/subject/3543679/,https://img3.doubanio.com/view/photo/s_ratio_poster/public/p2342489640.jpg
红娘,9.0,喜剧,大陆,https://movie.douban.com/subject/4728534/,https://img3.doubanio.com/view/photo/s_ratio_poster/public/p2223210236.jpg
如此爹娘,9.0,喜剧,大陆,https://movie.douban.com/subject/3032535/,https://img3.doubanio.com/view/photo/s_ratio_poster/public/p2323730451.jpg
牡丹亭,9.4,爱情,大陆,https://movie.douban.com/subject/4731050/,https://img1.doubanio.com/view/photo/s_ratio_poster/public/p2365538258.jpg
狐妖小红娘剧场版：月红篇,9.2,爱情,大陆,https://movie.douban.com/subject/26972694/,https://img3.doubanio.com/view/photo/s_ratio_poster/public/p2427045524.jpg
陆游与唐琬,9.3,爱情,大陆,https://movie.douban.com/subject/10877448/,https://img3.doubanio.com/lpic/s10480612.jpg
狐妖小红娘剧场版：王权富贵,9.2,爱情,大陆,https://movie.douban.com/subject/26946612/,https://img3.doubanio.com/view/photo/s_ratio_poster/public/p2409467410.jpg
花为媒,9.1,爱情,大陆,https://movie.douban.com/subject/2357317/,https://img3.doubanio.com/view/photo/s_ratio_poster/public/p2173058450.jpg
金花路5号,9.1,爱情,大陆,https://movie.douban.com/subject/2282452/,https://img3.doubanio.com/view/photo/s_ratio_poster/public/p1961367162.jpg
芙蓉镇,9.0,爱情,大陆,https://movie.douban.com/subject/1297880/,https://img3.doubanio.com/view/photo/s_ratio_poster/public/p2184544013.jpg
红楼梦,9.0,爱情,大陆,https://movie.douban.com/subject/1329969/,https://img3.doubanio.com/view/photo/s_ratio_poster/public/p2322451692.jpg
绝不松开我的拳头,9.0,爱情,大陆,https://movie.douban.com/subject/26199883/,https://img1.doubanio.com/view/photo/s_ratio_poster/public/p2207905589.jpg
活着,9.1,家庭,大陆,https://movie.douban.com/subject/1292365/,https://img3.doubanio.com/view/photo/s_ratio_poster/public/p2173575484.jpg
天堂回信,9.1,家庭,大陆,https://movie.douban.com/subject/1418076/,https://img3.doubanio.com/view/photo/s_ratio_poster/public/p1090024531.jpg
四个春天,9.2,家庭,大陆,https://movie.douban.com/subject/27191492/,https://img3.doubanio.com/view/photo/s_ratio_poster/public/p2506769505.jpg
苹果树下,9.2,家庭,大陆,https://movie.douban.com/subject/26946396/,https://img1.doubanio.com/view/photo/s_ratio_poster/public/p2410081568.jpg
小捣蛋,9.7,喜剧,美国,https://movie.douban.com/subject/4714058/,https://img3.doubanio.com/view/photo/s_ratio_poster/public/p2217061102.jpg
威尔和格蕾丝 告别秀,9.6,喜剧,美国,https://movie.douban.com/subject/2263259/,https://img1.doubanio.com/view/photo/s_ratio_poster/public/p2408281629.jpg
演员工作室：老爸老妈的浪漫史,9.5,喜剧,美国,https://movie.douban.com/subject/25855990/,https://img3.doubanio.com/view/photo/s_ratio_poster/public/p2176444996.jpg
Wattstax,9.6,喜剧,美国,https://movie.douban.com/subject/1975692/,https://img1.doubanio.com/view/photo/s_ratio_poster/public/p2374623518.jpg
绿日乐队：圣经上的子弹演唱会,9.5,喜剧,美国,https://movie.douban.com/subject/2052209/,https://img3.doubanio.com/view/photo/s_ratio_poster/public/p2510821205.jpg
怪诞小镇特别篇：松林之间,9.5,喜剧,美国,https://movie.douban.com/subject/26744258/,https://img3.doubanio.com/view/photo/s_ratio_poster/public/p2324315416.jpg
创造“哈利`波特”的世界：生物,9.5,喜剧,美国,https://movie.douban.com/subject/6721622/,https://img1.doubanio.com/view/photo/s_ratio_poster/public/p2425167528.jpg
跳出我天地音乐剧,9.4,喜剧,美国,https://movie.douban.com/subject/26264388/,https://img3.doubanio.com/view/photo/s_ratio_poster/public/p2215874393.jpg
杰夫·敦哈姆：星星之火让人抓狂,9.5,喜剧,美国,https://movie.douban.com/subject/2363526/,https://img1.doubanio.com/view/photo/s_ratio_poster/public/p1709619099.jpg
威尔和格蕾丝：后台通行证,9.5,喜剧,美国,https://movie.douban.com/subject/3231922/,https://img1.doubanio.com/lpic/s3279208.jpg
滑稽玩偶,9.5,喜剧,美国,https://movie.douban.com/subject/5096157/,https://img3.doubanio.com/view/photo/s_ratio_poster/public/p1528882872.jpg
Judah Friedlander: America is the Greatest Country in the United States,9.4,喜剧,美国,https://movie.douban.com/subject/27149822/,https://img1.doubanio.com/view/photo/s_ratio_poster/public/p2504460157.jpg
怀旧评论狂,9.4,喜剧,美国,https://movie.douban.com/subject/5153418/,https://img3.doubanio.com/view/photo/s_ratio_poster/public/p2352857712.jpg
哈利同人音乐剧第一部,9.6,喜剧,美国,https://movie.douban.com/subject/20388406/,https://img3.doubanio.com/view/photo/s_ratio_poster/public/p2191854174.jpg
阿甘正传,9.4,喜剧,美国,https://movie.douban.com/subject/1292720/,https://img1.doubanio.com/view/photo/s_ratio_poster/public/p510876377.jpg
福尔摩斯二世,9.4,喜剧,美国,https://movie.douban.com/subject/1303408/,https://img1.doubanio.com/view/photo/s_ratio_poster/public/p2206737207.jpg
吉米·鸡毛逊毙了！马达翻身当主持,9.4,喜剧,美国,https://movie.douban.com/subject/26721341/,https://img3.doubanio.com/view/photo/s_ratio_poster/public/p2315824435.jpg
拽妹黛薇儿要上大学了没,9.4,喜剧,美国,https://movie.douban.com/subject/2054458/,https://img3.doubanio.com/view/photo/s_ratio_poster/public/p2441936540.jpg
博弈论,9.4,喜剧,美国,https://movie.douban.com/subject/3272459/,https://img3.doubanio.com/view/photo/s_ratio_poster/public/p2254959230.jpg
拜访森林,9.4,喜剧,美国,https://movie.douban.com/subject/25741291/,https://img3.doubanio.com/view/photo/s_ratio_poster/public/p2155898916.jpg
克里斯洛克脱口秀,9.4,喜剧,美国,https://movie.douban.com/subject/2150624/,https://img3.doubanio.com/lpic/s2604291.jpg
聪明狗走天涯,9.4,喜剧,美国,https://movie.douban.com/subject/1297777/,https://img1.doubanio.com/lpic/s1788447.jpg
平方根：海绵宝宝的故事,9.3,喜剧,美国,https://movie.douban.com/subject/4001873/,https://img3.doubanio.com/lpic/s3956255.jpg
南方公园之梦想国度,9.3,喜剧,美国,https://movie.douban.com/subject/5179539/,https://img3.doubanio.com/lpic/s5293436.jpg
snorks,9.4,喜剧,美国,https://movie.douban.com/subject/1863428/,https://img3.doubanio.com/lpic/s1796635.jpg
30 Rock Kidney Now,9.4,喜剧,美国,https://movie.douban.com/subject/3868403/,https://img3.doubanio.com/lpic/s4044946.jpg
机器人总动员,9.3,喜剧,美国,https://movie.douban.com/subject/2131459/,https://img3.doubanio.com/view/photo/s_ratio_poster/public/p449665982.jpg
浪漫小夜曲,9.3,喜剧,美国,https://movie.douban.com/subject/1937462/,https://img1.doubanio.com/view/photo/s_ratio_poster/public/p2458595709.jpg
甜美的老鼠生活,9.3,喜剧,美国,https://movie.douban.com/subject/1937461/,https://img3.doubanio.com/view/photo/s_ratio_poster/public/p1068583516.jpg
周六夜现场：贾斯汀·丁伯莱克/Lady Gaga,9.3,喜剧,美国,https://movie.douban.com/subject/6132713/,https://img1.doubanio.com/view/photo/s_ratio_poster/public/p1027139099.jpg
The Work of Director Michel Gondry,9.3,喜剧,美国,https://movie.douban.com/subject/1400646/,https://img1.doubanio.com/view/photo/s_ratio_poster/public/p1348801388.jpg
绅士流浪汉,9.3,喜剧,美国,https://movie.douban.com/subject/4088692/,https://img1.doubanio.com/view/photo/s_ratio_poster/public/p2177308567.jpg
老鼠在曼哈顿,9.3,喜剧,美国,https://movie.douban.com/subject/2155209/,https://img1.doubanio.com/view/photo/s_ratio_poster/public/p2458339319.jpg
乔治 卡林：王者归来,9.3,喜剧,美国,https://movie.douban.com/subject/3054636/,https://img3.doubanio.com/view/photo/s_ratio_poster/public/p2508661214.jpg
室内溜冰场,9.3,喜剧,美国,https://movie.douban.com/subject/5262256/,https://img3.doubanio.com/lpic/s8912836.jpg
周六夜现场,9.3,喜剧,美国,https://movie.douban.com/subject/6713364/,https://img3.doubanio.com/view/photo/s_ratio_poster/public/p1835772460.jpg
黑或白,9.3,喜剧,美国,https://movie.douban.com/subject/3266982/,https://img3.doubanio.com/view/photo/s_ratio_poster/public/p2502492576.jpg
"Russell Peters: Two Concerts, One Ticket",9.3,喜剧,美国,https://movie.douban.com/subject/6087827/,https://img1.doubanio.com/lpic/s4699657.jpg
辛普森一家：颁奖季,9.3,喜剧,美国,https://movie.douban.com/subject/6008882/,https://img1.doubanio.com/view/photo/s_ratio_poster/public/p2497035958.jpg
查理布朗男孩,9.3,喜剧,美国,https://movie.douban.com/subject/1295406/,https://img1.doubanio.com/view/photo/s_ratio_poster/public/p577559527.jpg
伙伴们,9.3,喜剧,美国,https://movie.douban.com/subject/6524294/,https://img3.doubanio.com/lpic/s6620364.jpg
土豆工厂,9.4,喜剧,美国,https://movie.douban.com/subject/1793083/,https://img3.doubanio.com/view/photo/s_ratio_poster/public/p2233036824.jpg
Rocky Horror Tribute Show,9.3,喜剧,美国,https://movie.douban.com/subject/3539046/,https://img3.doubanio.com/lpic/s3598686.jpg
疯狂动物城,9.2,喜剧,美国,https://movie.douban.com/subject/25662329/,https://img1.doubanio.com/view/photo/s_ratio_poster/public/p2315672647.jpg
摩登时代,9.2,喜剧,美国,https://movie.douban.com/subject/1294371/,https://img3.doubanio.com/view/photo/s_ratio_poster/public/p2173707976.jpg
城市之光,9.2,喜剧,美国,https://movie.douban.com/subject/1293908/,https://img3.doubanio.com/view/photo/s_ratio_poster/public/p2099815842.jpg
生活多美好,9.2,喜剧,美国,https://movie.douban.com/subject/1293749/,https://img1.doubanio.com/view/photo/s_ratio_poster/public/p771490367.jpg
你逃我也逃,9.2,喜剧,美国,https://movie.douban.com/subject/1303418/,https://img3.doubanio.com/view/photo/s_ratio_poster/public/p1339915772.jpg
欢乐树的朋友们：赶尽杀绝,9.2,喜剧,美国,https://movie.douban.com/subject/3075070/,https://img3.doubanio.com/lpic/s1806732.jpg
欢乐树的朋友们：第二发球,9.2,喜剧,美国,https://movie.douban.com/subject/1393471/,https://img3.doubanio.com/view/photo/s_ratio_poster/public/p2162261726.jpg
欢乐树的朋友们：第三击,9.2,喜剧,美国,https://movie.douban.com/subject/1393472/,https://img3.doubanio.com/lpic/s1806711.jpg
欢乐树的朋友们：寒假,9.2,喜剧,美国,https://movie.douban.com/subject/1872077/,https://img3.doubanio.com/lpic/s1806745.jpg
汤姆的能量,9.2,喜剧,美国,https://movie.douban.com/subject/1937464/,https://img1.doubanio.com/lpic/s8354299.jpg
拉塞尔·皮特斯：红白褐,9.2,喜剧,美国,https://movie.douban.com/subject/3578890/,https://img3.doubanio.com/view/photo/s_ratio_poster/public/p2320299004.jpg
拽妹黛薇儿之暑假要结束了没,9.2,喜剧,美国,https://movie.douban.com/subject/2054560/,https://img1.doubanio.com/view/photo/s_ratio_poster/public/p2383100558.jpg
周六夜现场,9.2,喜剧,美国,https://movie.douban.com/subject/4706591/,https://img3.doubanio.com/view/photo/s_ratio_poster/public/p2362999490.jpg
周六夜现场,9.2,喜剧,美国,https://movie.douban.com/subject/2346297/,https://img3.doubanio.com/view/photo/s_ratio_poster/public/p836398212.jpg
乔治·卡林：你们都有病,9.2,喜剧,美国,https://movie.douban.com/subject/4199429/,https://img3.doubanio.com/view/photo/s_ratio_poster/public/p2508661126.jpg
周六夜现场,9.2,喜剧,美国,https://movie.douban.com/subject/6727006/,https://img3.doubanio.com/view/photo/s_ratio_poster/public/p1866167902.jpg
辛普森一家之恐怖树屋第十九部,9.2,喜剧,美国,https://movie.douban.com/subject/3289641/,https://img3.doubanio.com/lpic/s3351970.jpg
迪斯尼彭彭丁满欢乐大餐,9.2,喜剧,美国,https://movie.douban.com/subject/2074343/,https://img3.doubanio.com/lpic/s6888773.jpg
乔治·卡林：人生因失而值,9.2,喜剧,美国,https://movie.douban.com/subject/3095617/,https://img3.doubanio.com/view/photo/s_ratio_poster/public/p2165125235.jpg
猫之布鲁斯,9.2,喜剧,美国,https://movie.douban.com/subject/2191393/,https://img3.doubanio.com/lpic/s8938696.jpg
猫儿上天堂,9.2,喜剧,美国,https://movie.douban.com/subject/5262224/,https://img3.doubanio.com/lpic/s8514370.jpg
圣诞前夜,9.2,喜剧,美国,https://movie.douban.com/subject/3120785/,https://img3.doubanio.com/view/photo/s_ratio_poster/public/p2456684073.jpg
乔治·卡林：挤在纽约,9.2,喜剧,美国,https://movie.douban.com/subject/3706177/,https://img3.doubanio.com/view/photo/s_ratio_poster/public/p2508661554.jpg
好莱坞碗演奏会,9.1,喜剧,美国,https://movie.douban.com/subject/2144680/,https://img3.doubanio.com/view/photo/s_ratio_poster/public/p2437612871.jpg
冷气礼堂的喧哗: 比尔·奥雷利 vs. 囧司徒,9.2,喜剧,美国,https://movie.douban.com/subject/19961485/,https://img1.doubanio.com/view/photo/s_ratio_poster/public/p1717230188.jpg
Jeff Dunham 跟自己吵架,9.2,喜剧,美国,https://movie.douban.com/subject/2363540/,https://img3.doubanio.com/view/photo/s_ratio_poster/public/p1709607935.jpg
史努比的惊险夏令营,9.2,喜剧,美国,https://movie.douban.com/subject/2139403/,https://img1.doubanio.com/view/photo/s_ratio_poster/public/p1979604578.jpg
难舍难分,9.2,喜剧,美国,https://movie.douban.com/subject/3840029/,https://img3.doubanio.com/view/photo/s_ratio_poster/public/p2206663461.jpg
楚门的世界,9.1,喜剧,美国,https://movie.douban.com/subject/1292064/,https://img3.doubanio.com/view/photo/s_ratio_poster/public/p479682972.jpg
触不可及,9.1,喜剧,美国,https://movie.douban.com/subject/6786002/,https://img3.doubanio.com/view/photo/s_ratio_poster/public/p1454261925.jpg
两杆大烟枪,9.1,喜剧,美国,https://movie.douban.com/subject/1293350/,https://img1.doubanio.com/view/photo/s_ratio_poster/public/p792443418.jpg
寻梦环游记,9.0,喜剧,美国,https://movie.douban.com/subject/20495023/,https://img1.doubanio.com/view/photo/s_ratio_poster/public/p2503997609.jpg
暴力云与送子鹳,9.1,喜剧,美国,https://movie.douban.com/subject/3734350/,https://img3.doubanio.com/view/photo/s_ratio_poster/public/p449756673.jpg
寻子遇仙记,9.1,喜剧,美国,https://movie.douban.com/subject/1293270/,https://img1.doubanio.com/view/photo/s_ratio_poster/public/p2332976198.jpg
马戏团,9.1,喜剧,美国,https://movie.douban.com/subject/1299628/,https://img3.doubanio.com/view/photo/s_ratio_poster/public/p2248445275.jpg
欢乐树的朋友们,9.1,喜剧,美国,https://movie.douban.com/subject/4181031/,https://img3.doubanio.com/view/photo/s_ratio_poster/public/p1269191733.jpg
乔治·卡林：这对你不好,9.1,喜剧,美国,https://movie.douban.com/subject/3001399/,https://img1.doubanio.com/view/photo/s_ratio_poster/public/p2509392958.jpg
老鼠罐头工厂,9.1,喜剧,美国,https://movie.douban.com/subject/1826853/,https://img3.doubanio.com/lpic/s8354291.jpg
欢乐树的朋友们：滑雪巡逻救生队,9.1,喜剧,美国,https://movie.douban.com/subject/3075092/,https://img3.doubanio.com/lpic/s3622650.jpg
双人高尔夫,9.1,喜剧,美国,https://movie.douban.com/subject/1937451/,https://img3.doubanio.com/view/photo/s_ratio_poster/public/p2458339224.jpg
猫钓鱼,9.1,喜剧,美国,https://movie.douban.com/subject/1937466/,https://img1.doubanio.com/view/photo/s_ratio_poster/public/p2458595717.jpg
父子野餐,9.1,喜剧,美国,https://movie.douban.com/subject/1826855/,https://img3.doubanio.com/lpic/s8354516.jpg
周六夜现场,9.1,喜剧,美国,https://movie.douban.com/subject/21361552/,https://img3.doubanio.com/view/photo/s_ratio_poster/public/p1894383482.jpg
人人都爱雷蒙德: 最后的笑声,9.1,喜剧,美国,https://movie.douban.com/subject/3290527/,https://img3.doubanio.com/lpic/s3353335.jpg
周六夜现场：40周年特别庆典,9.1,喜剧,美国,https://movie.douban.com/subject/26320764/,https://img3.doubanio.com/view/photo/s_ratio_poster/public/p2227937905.jpg
辛普森一家之万圣节专辑之恐怖树屋,9.1,喜剧,美国,https://movie.douban.com/subject/2296049/,https://img3.doubanio.com/lpic/s2753652.jpg
无所畏惧,9.1,喜剧,美国,https://movie.douban.com/subject/2173593/,https://img3.doubanio.com/view/photo/s_ratio_poster/public/p2322720201.jpg
人鼠之间,9.1,喜剧,美国,https://movie.douban.com/subject/26431592/,https://img3.doubanio.com/view/photo/s_ratio_poster/public/p2252276881.jpg
淘金岁月,9.1,喜剧,美国,https://movie.douban.com/subject/1928887/,https://img3.doubanio.com/view/photo/s_ratio_poster/public/p2357505174.jpg
辛普森一家之恐怖树屋第十七部,9.1,喜剧,美国,https://movie.douban.com/subject/2157194/,https://img1.doubanio.com/lpic/s2614747.jpg
飞行猫,9.1,喜剧,美国,https://movie.douban.com/subject/2137156/,https://img1.doubanio.com/view/photo/s_ratio_poster/public/p2458595828.jpg
加菲猫的侦探故事,9.1,喜剧,美国,https://movie.douban.com/subject/3211959/,https://img3.doubanio.com/view/photo/s_ratio_poster/public/p868064563.jpg
网球白痴,9.1,喜剧,美国,https://movie.douban.com/subject/2137548/,https://img3.doubanio.com/view/photo/s_ratio_poster/public/p2494212990.jpg
德鲁大叔,9.2,喜剧,美国,https://movie.douban.com/subject/26665408/,https://img3.doubanio.com/view/photo/s_ratio_poster/public/p2401288743.jpg
爆竹风波,9.1,喜剧,美国,https://movie.douban.com/subject/2137554/,https://img1.doubanio.com/view/photo/s_ratio_poster/public/p2494213107.jpg
两个小印第安,9.1,喜剧,美国,https://movie.douban.com/subject/5262247/,https://img3.doubanio.com/lpic/s4467782.jpg
马克吐温美国幽默奖：蒂娜·菲,9.1,喜剧,美国,https://movie.douban.com/subject/5367928/,https://img1.doubanio.com/lpic/s4541828.jpg
捕鼠陷阱,9.1,喜剧,美国,https://movie.douban.com/subject/2137177/,https://img3.doubanio.com/view/photo/s_ratio_poster/public/p2458596041.jpg
休战的伤害,9.1,喜剧,美国,https://movie.douban.com/subject/5290009/,https://img1.doubanio.com/view/photo/s_ratio_poster/public/p2464858879.jpg
宠物之争,9.1,喜剧,美国,https://movie.douban.com/subject/5262258/,https://img3.doubanio.com/lpic/s8459243.jpg
本尼·希尔搞笑表演集锦,9.1,喜剧,美国,https://movie.douban.com/subject/1494928/,https://img3.doubanio.com/view/photo/s_ratio_poster/public/p2327819375.jpg
Matthew Gray Gubler: The Unauthorized Documentary,9.1,喜剧,美国,https://movie.douban.com/subject/3830052/,https://img3.doubanio.com/view/photo/s_ratio_poster/public/p2194290495.jpg
周六夜现场:   艾米·波勒精选集,9.1,喜剧,美国,https://movie.douban.com/subject/3703336/,https://img3.doubanio.com/lpic/s4073912.jpg
一路順風，查理布朗,9.1,喜剧,美国,https://movie.douban.com/subject/1296181/,https://img1.doubanio.com/view/photo/s_ratio_poster/public/p2206513238.jpg
阿福世界,9.1,喜剧,美国,https://movie.douban.com/subject/4603384/,https://img1.doubanio.com/lpic/s4214847.jpg
A Colbert Christmas: The Greatest Gift of All!,9.1,喜剧,美国,https://movie.douban.com/subject/3312796/,https://img3.doubanio.com/lpic/s3376726.jpg
光荣的日子,9.1,喜剧,美国,https://movie.douban.com/subject/3724036/,https://img3.doubanio.com/view/photo/s_ratio_poster/public/p1112469352.jpg
飞越疯人院,9.0,喜剧,美国,https://movie.douban.com/subject/1292224/,https://img1.doubanio.com/view/photo/s_ratio_poster/public/p792238287.jpg
电焊工波力,9.0,喜剧,美国,https://movie.douban.com/subject/3338821/,https://img3.doubanio.com/view/photo/s_ratio_poster/public/p1202712652.jpg
宇宙快递,9.0,喜剧,美国,https://movie.douban.com/subject/25884822/,https://img3.doubanio.com/view/photo/s_ratio_poster/public/p2229847445.jpg
宠物,9.0,喜剧,美国,https://movie.douban.com/subject/25750820/,https://img3.doubanio.com/view/photo/s_ratio_poster/public/p2195528326.jpg
淘金记,9.0,喜剧,美国,https://movie.douban.com/subject/1298817/,https://img3.doubanio.com/view/photo/s_ratio_poster/public/p1581774481.jpg
欢乐树的朋友们：第一滴血,9.0,喜剧,美国,https://movie.douban.com/subject/1393470/,https://img1.doubanio.com/lpic/s1806727.jpg
将军号,9.0,喜剧,美国,https://movie.douban.com/subject/1292778/,https://img3.doubanio.com/view/photo/s_ratio_poster/public/p2248676081.jpg
猫的协奏曲,9.0,喜剧,美国,https://movie.douban.com/subject/1295833/,https://img3.doubanio.com/view/photo/s_ratio_poster/public/p2458595750.jpg
小孤儿,9.0,喜剧,美国,https://movie.douban.com/subject/1296573/,https://img3.doubanio.com/lpic/s8432261.jpg
欢乐树的朋友们：鼹鼠进城,9.0,喜剧,美国,https://movie.douban.com/subject/1872083/,https://img1.doubanio.com/lpic/s1806738.jpg
稻草人,9.0,喜剧,美国,https://movie.douban.com/subject/1867778/,https://img1.doubanio.com/view/photo/s_ratio_poster/public/p2503556327.jpg
辛普森一家：家庭治疗,9.0,喜剧,美国,https://movie.douban.com/subject/1850674/,https://img3.doubanio.com/lpic/s1742552.jpg
拉塞尔·皮特斯：幽默无国界,9.0,喜剧,美国,https://movie.douban.com/subject/4186797/,https://img3.doubanio.com/view/photo/s_ratio_poster/public/p2320297416.jpg
周六夜现场,9.0,喜剧,美国,https://movie.douban.com/subject/24521861/,https://img1.doubanio.com/view/photo/s_ratio_poster/public/p2456874717.jpg
周六夜现场,9.0,喜剧,美国,https://movie.douban.com/subject/25775524/,https://img3.doubanio.com/view/photo/s_ratio_poster/public/p2164369882.jpg
周六夜现场,9.0,喜剧,美国,https://movie.douban.com/subject/10742710/,https://img1.doubanio.com/view/photo/s_ratio_poster/public/p1571258197.jpg
老鼠打扫记,9.0,喜剧,美国,https://movie.douban.com/subject/2155204/,https://img3.doubanio.com/lpic/s8514360.jpg
保镖,9.0,喜剧,美国,https://movie.douban.com/subject/5262213/,https://img3.doubanio.com/view/photo/s_ratio_poster/public/p2456687514.jpg
隐形墨水,9.0,喜剧,美国,https://movie.douban.com/subject/5262222/,https://img3.doubanio.com/lpic/s4467736.jpg
杰瑞的表兄,9.0,喜剧,美国,https://movie.douban.com/subject/3113288/,https://img1.doubanio.com/lpic/s8354088.jpg
杰瑞和狮子,9.0,喜剧,美国,https://movie.douban.com/subject/2137538/,https://img3.doubanio.com/view/photo/s_ratio_poster/public/p2458595794.jpg
机器鸡DC漫画特辑3：魔幻基友,9.0,喜剧,美国,https://movie.douban.com/subject/26644606/,https://img3.doubanio.com/view/photo/s_ratio_poster/public/p2312933024.jpg
寂寞的老鼠,9.0,喜剧,美国,https://movie.douban.com/subject/2137169/,https://img3.doubanio.com/view/photo/s_ratio_poster/public/p2456686820.jpg
麻烦的诞生,9.0,喜剧,美国,https://movie.douban.com/subject/3113128/,https://img1.doubanio.com/lpic/s8514368.jpg
周末夜之猫,9.0,喜剧,美国,https://movie.douban.com/subject/2144684/,https://img3.doubanio.com/view/photo/s_ratio_poster/public/p2506716493.jpg
强力乳液,9.0,喜剧,美国,https://movie.douban.com/subject/3110686/,https://img3.doubanio.com/view/photo/s_ratio_poster/public/p2456686900.jpg
蝙蝠侠同人音乐剧,8.9,喜剧,美国,https://movie.douban.com/subject/10604551/,https://img3.doubanio.com/view/photo/s_ratio_poster/public/p1520323343.jpg
午睡纠纷,9.0,喜剧,美国,https://movie.douban.com/subject/2137158/,https://img3.doubanio.com/lpic/s4466624.jpg
杰瑞与小象,9.0,喜剧,美国,https://movie.douban.com/subject/5262244/,https://img3.doubanio.com/lpic/s4467781.jpg
周六夜现场,9.0,喜剧,美国,https://movie.douban.com/subject/5973957/,https://img1.doubanio.com/view/photo/s_ratio_poster/public/p1764557799.jpg
皇帝的睡眠,9.0,喜剧,美国,https://movie.douban.com/subject/2138399/,https://img3.doubanio.com/lpic/s4466643.jpg
Russell Peters: Show Me the Funny,9.0,喜剧,美国,https://movie.douban.com/subject/5380957/,https://img3.doubanio.com/lpic/s4551740.jpg
偷懒的猫,9.0,喜剧,美国,https://movie.douban.com/subject/1463981/,https://img1.doubanio.com/lpic/s4466619.jpg
有恩必报,9.0,喜剧,美国,https://movie.douban.com/subject/5262239/,https://img1.doubanio.com/view/photo/s_ratio_poster/public/p2494213667.jpg
彩虹,9.0,喜剧,美国,https://movie.douban.com/subject/1971485/,https://img3.doubanio.com/view/photo/s_ratio_poster/public/p503390374.jpg
小雪人喜欢我,9.1,喜剧,美国,https://movie.douban.com/subject/5262207/,https://img3.doubanio.com/lpic/s4467821.jpg
胆小的猫咪,9.0,喜剧,美国,https://movie.douban.com/subject/5290016/,https://img1.doubanio.com/lpic/s8938699.jpg
金色池塘,9.0,喜剧,美国,https://movie.douban.com/subject/5135239/,https://img3.doubanio.com/view/photo/s_ratio_poster/public/p2507466255.jpg
杰夫·敦哈姆:混乱特工,9.0,喜剧,美国,https://movie.douban.com/subject/6866452/,https://img3.doubanio.com/view/photo/s_ratio_poster/public/p1709614060.jpg
Gabriel Iglesias: I'm Not Fat... I'm Fluffy,9.0,喜剧,美国,https://movie.douban.com/subject/5244254/,https://img3.doubanio.com/lpic/s4455546.jpg
"小顽童,小捣蛋",9.0,喜剧,美国,https://movie.douban.com/subject/1302676/,https://img3.doubanio.com/lpic/s3239194.jpg
Taylor Swift: Shake It Off,8.9,喜剧,美国,https://movie.douban.com/subject/26780143/,https://img3.doubanio.com/view/photo/s_ratio_poster/public/p2390236503.jpg
比尔·马厄：我是瑞士人,9.0,喜剧,美国,https://movie.douban.com/subject/3657136/,https://img3.doubanio.com/lpic/s3716715.jpg
哈利波特同人音乐剧 第二部,9.0,喜剧,美国,https://movie.douban.com/subject/6958656/,https://img1.doubanio.com/view/photo/s_ratio_poster/public/p2229750548.jpg
如此美好的一天(短片),9.0,喜剧,美国,https://movie.douban.com/subject/10598713/,https://img3.doubanio.com/view/photo/s_ratio_poster/public/p2395484381.jpg
Eddie Izzard: Dress to Kill,9.0,喜剧,美国,https://movie.douban.com/subject/1866427/,https://img3.doubanio.com/view/photo/s_ratio_poster/public/p2180891675.jpg
周六夜现场: 吉米·法伦精选集,9.0,喜剧,美国,https://movie.douban.com/subject/2070339/,https://img3.doubanio.com/view/photo/s_ratio_poster/public/p1363544362.jpg
Bill Burr: Why Do I Do This?,9.0,喜剧,美国,https://movie.douban.com/subject/3623770/,https://img3.doubanio.com/lpic/s3686833.jpg
R2-D2 Beneath The Dome,9.0,喜剧,美国,https://movie.douban.com/subject/3176843/,https://img3.doubanio.com/view/photo/s_ratio_poster/public/p1609214584.jpg
拉里·戴维：消消气,9.1,喜剧,美国,https://movie.douban.com/subject/4893726/,https://img3.doubanio.com/view/photo/s_ratio_poster/public/p2500849806.jpg
控方证人,9.6,爱情,美国,https://movie.douban.com/subject/1296141/,https://img1.doubanio.com/view/photo/s_ratio_poster/public/p1505392928.jpg
威尔和格蕾丝 告别秀,9.6,爱情,美国,https://movie.douban.com/subject/2263259/,https://img1.doubanio.com/view/photo/s_ratio_poster/public/p2408281629.jpg
迈克尔·杰克逊：音乐历史专辑全集,9.6,爱情,美国,https://movie.douban.com/subject/2122919/,https://img3.doubanio.com/lpic/s2541232.jpg
迈克尔·杰克逊：专辑历史记录第二辑,9.6,爱情,美国,https://movie.douban.com/subject/1857382/,https://img1.doubanio.com/lpic/s4145497.jpg
演员工作室：老爸老妈的浪漫史,9.5,爱情,美国,https://movie.douban.com/subject/25855990/,https://img3.doubanio.com/view/photo/s_ratio_poster/public/p2176444996.jpg
NBA黄金50周年纪念特辑,9.6,爱情,美国,https://movie.douban.com/subject/3145883/,https://img3.doubanio.com/view/photo/s_ratio_poster/public/p2381286642.jpg
天使在美国第二部：重建,9.5,爱情,美国,https://movie.douban.com/subject/27045950/,https://img3.doubanio.com/view/photo/s_ratio_poster/public/p2474462430.jpg
阿甘正传,9.4,爱情,美国,https://movie.douban.com/subject/1292720/,https://img1.doubanio.com/view/photo/s_ratio_poster/public/p510876377.jpg
福尔摩斯二世,9.4,爱情,美国,https://movie.douban.com/subject/1303408/,https://img1.doubanio.com/view/photo/s_ratio_poster/public/p2206737207.jpg
snorks,9.4,爱情,美国,https://movie.douban.com/subject/1863428/,https://img3.doubanio.com/lpic/s1796635.jpg
盗梦空间,9.3,爱情,美国,https://movie.douban.com/subject/3541415/,https://img3.doubanio.com/view/photo/s_ratio_poster/public/p513344864.jpg
机器人总动员,9.3,爱情,美国,https://movie.douban.com/subject/2131459/,https://img3.doubanio.com/view/photo/s_ratio_poster/public/p449665982.jpg
图兰朵,9.3,爱情,美国,https://movie.douban.com/subject/11531648/,https://img1.doubanio.com/view/photo/s_ratio_poster/public/p2509441469.jpg
泰坦尼克号,9.2,爱情,美国,https://movie.douban.com/subject/1292722/,https://img3.doubanio.com/view/photo/s_ratio_poster/public/p457760035.jpg
海上钢琴师,9.2,爱情,美国,https://movie.douban.com/subject/1292001/,https://img1.doubanio.com/view/photo/s_ratio_poster/public/p511146807.jpg
疯狂动物城,9.2,爱情,美国,https://movie.douban.com/subject/25662329/,https://img1.doubanio.com/view/photo/s_ratio_poster/public/p2315672647.jpg
乱世佳人,9.2,爱情,美国,https://movie.douban.com/subject/1300267/,https://img3.doubanio.com/view/photo/s_ratio_poster/public/p1963126880.jpg
摩登时代,9.2,爱情,美国,https://movie.douban.com/subject/1294371/,https://img3.doubanio.com/view/photo/s_ratio_poster/public/p2173707976.jpg
城市之光,9.2,爱情,美国,https://movie.douban.com/subject/1293908/,https://img3.doubanio.com/view/photo/s_ratio_poster/public/p2099815842.jpg
生活多美好,9.2,爱情,美国,https://movie.douban.com/subject/1293749/,https://img1.doubanio.com/view/photo/s_ratio_poster/public/p771490367.jpg
金色池塘,9.0,爱情,美国,https://movie.douban.com/subject/5135239/,https://img3.doubanio.com/view/photo/s_ratio_poster/public/p2507466255.jpg
爱的奇迹,9.0,爱情,美国,https://movie.douban.com/subject/2119286/,https://img3.doubanio.com/view/photo/s_ratio_poster/public/p533191776.jpg
比才：卡门,9.0,爱情,美国,https://movie.douban.com/subject/20379214/,https://img3.doubanio.com/view/photo/s_ratio_poster/public/p2160380844.jpg
Michel Gondry 2: More Videos,9.0,爱情,美国,https://movie.douban.com/subject/3872558/,https://img3.doubanio.com/view/photo/s_ratio_poster/public/p2192255135.jpg
小捣蛋,9.7,家庭,美国,https://movie.douban.com/subject/4714058/,https://img3.doubanio.com/view/photo/s_ratio_poster/public/p2217061102.jpg
威尔和格蕾丝 告别秀,9.6,家庭,美国,https://movie.douban.com/subject/2263259/,https://img1.doubanio.com/view/photo/s_ratio_poster/public/p2408281629.jpg
汉斯·季默巡回音乐会,9.4,家庭,美国,https://movie.douban.com/subject/26803934/,https://img3.doubanio.com/view/photo/s_ratio_poster/public/p2504087912.jpg
聪明狗走天涯,9.4,家庭,美国,https://movie.douban.com/subject/1297777/,https://img1.doubanio.com/lpic/s1788447.jpg
老鼠在曼哈顿,9.3,家庭,美国,https://movie.douban.com/subject/2155209/,https://img1.doubanio.com/view/photo/s_ratio_poster/public/p2458339319.jpg
乔治 卡林：王者归来,9.3,家庭,美国,https://movie.douban.com/subject/3054636/,https://img3.doubanio.com/view/photo/s_ratio_poster/public/p2508661214.jpg
室内溜冰场,9.3,家庭,美国,https://movie.douban.com/subject/5262256/,https://img3.doubanio.com/lpic/s8912836.jpg
辛普森一家：颁奖季,9.3,家庭,美国,https://movie.douban.com/subject/6008882/,https://img1.doubanio.com/view/photo/s_ratio_poster/public/p2497035958.jpg
查理布朗男孩,9.3,家庭,美国,https://movie.douban.com/subject/1295406/,https://img1.doubanio.com/view/photo/s_ratio_poster/public/p577559527.jpg
Nobody's Business,9.3,家庭,美国,https://movie.douban.com/subject/5109774/,https://img1.doubanio.com/lpic/s15218897.jpg
教父,9.2,家庭,美国,https://movie.douban.com/subject/1291841/,https://img3.doubanio.com/view/photo/s_ratio_poster/public/p2190556185.jpg
生活多美好,9.2,家庭,美国,https://movie.douban.com/subject/1293749/,https://img1.doubanio.com/view/photo/s_ratio_poster/public/p771490367.jpg
最后的狮子,9.2,家庭,美国,https://movie.douban.com/subject/5912779/,https://img3.doubanio.com/view/photo/s_ratio_poster/public/p1676083805.jpg
丛林赤子心,9.2,家庭,美国,https://movie.douban.com/subject/1473562/,https://img3.doubanio.com/view/photo/s_ratio_poster/public/p2321248846.jpg
猫之布鲁斯,9.2,家庭,美国,https://movie.douban.com/subject/2191393/,https://img3.doubanio.com/lpic/s8938696.jpg
猫儿上天堂,9.2,家庭,美国,https://movie.douban.com/subject/5262224/,https://img3.doubanio.com/lpic/s8514370.jpg
圣诞前夜,9.2,家庭,美国,https://movie.douban.com/subject/3120785/,https://img3.doubanio.com/view/photo/s_ratio_poster/public/p2456684073.jpg
好莱坞碗演奏会,9.1,家庭,美国,https://movie.douban.com/subject/2144680/,https://img3.doubanio.com/view/photo/s_ratio_poster/public/p2437612871.jpg
米奇幻想曲,9.2,家庭,美国,https://movie.douban.com/subject/3987660/,https://img3.doubanio.com/lpic/s3944445.jpg
史努比的惊险夏令营,9.2,家庭,美国,https://movie.douban.com/subject/2139403/,https://img1.doubanio.com/view/photo/s_ratio_poster/public/p1979604578.jpg
难舍难分,9.2,家庭,美国,https://movie.douban.com/subject/3840029/,https://img3.doubanio.com/view/photo/s_ratio_poster/public/p2206663461.jpg
寻梦环游记,9.0,家庭,美国,https://movie.douban.com/subject/20495023/,https://img1.doubanio.com/view/photo/s_ratio_poster/public/p2503997609.jpg
教父2,9.1,家庭,美国,https://movie.douban.com/subject/1299131/,https://img1.doubanio.com/view/photo/s_ratio_poster/public/p2194138787.jpg
饮食男女,9.1,家庭,美国,https://movie.douban.com/subject/1291818/,https://img3.doubanio.com/view/photo/s_ratio_poster/public/p1910899751.jpg
寻子遇仙记,9.1,家庭,美国,https://movie.douban.com/subject/1293270/,https://img1.doubanio.com/view/photo/s_ratio_poster/public/p2332976198.jpg
人人都爱雷蒙德: 最后的笑声,9.1,家庭,美国,https://movie.douban.com/subject/3290527/,https://img3.doubanio.com/lpic/s3353335.jpg
艾蒂与茜雅：漫长婚约,9.1,家庭,美国,https://movie.douban.com/subject/4152738/,https://img3.doubanio.com/view/photo/s_ratio_poster/public/p1509382174.jpg
飞行猫,9.1,家庭,美国,https://movie.douban.com/subject/2137156/,https://img1.doubanio.com/view/photo/s_ratio_poster/public/p2458595828.jpg
网球白痴,9.1,家庭,美国,https://movie.douban.com/subject/2137548/,https://img3.doubanio.com/view/photo/s_ratio_poster/public/p2494212990.jpg
爆竹风波,9.1,家庭,美国,https://movie.douban.com/subject/2137554/,https://img1.doubanio.com/view/photo/s_ratio_poster/public/p2494213107.jpg
两个小印第安,9.1,家庭,美国,https://movie.douban.com/subject/5262247/,https://img3.doubanio.com/lpic/s4467782.jpg
捕鼠陷阱,9.1,家庭,美国,https://movie.douban.com/subject/2137177/,https://img3.doubanio.com/view/photo/s_ratio_poster/public/p2458596041.jpg
休战的伤害,9.1,家庭,美国,https://movie.douban.com/subject/5290009/,https://img1.doubanio.com/view/photo/s_ratio_poster/public/p2464858879.jpg
宠物之争,9.1,家庭,美国,https://movie.douban.com/subject/5262258/,https://img3.doubanio.com/lpic/s8459243.jpg
小丘月圆,9.1,家庭,美国,https://movie.douban.com/subject/1302752/,https://img3.doubanio.com/view/photo/s_ratio_poster/public/p2334104591.jpg
诚实的玛德琳,9.1,家庭,美国,https://movie.douban.com/subject/4130487/,https://img3.doubanio.com/lpic/s4050674.jpg
一路順風，查理布朗,9.1,家庭,美国,https://movie.douban.com/subject/1296181/,https://img1.doubanio.com/view/photo/s_ratio_poster/public/p2206513238.jpg
大海的孩子,9.0,家庭,美国,https://movie.douban.com/subject/3274441/,https://img3.doubanio.com/view/photo/s_ratio_poster/public/p2206274006.jpg
完美的世界,9.0,家庭,美国,https://movie.douban.com/subject/1300992/,https://img3.doubanio.com/view/photo/s_ratio_poster/public/p792403691.jpg
淘金记,9.0,家庭,美国,https://movie.douban.com/subject/1298817/,https://img3.doubanio.com/view/photo/s_ratio_poster/public/p1581774481.jpg
北极故事,9.0,家庭,美国,https://movie.douban.com/subject/2111619/,https://img3.doubanio.com/view/photo/s_ratio_poster/public/p608084446.jpg
猫的协奏曲,9.0,家庭,美国,https://movie.douban.com/subject/1295833/,https://img3.doubanio.com/view/photo/s_ratio_poster/public/p2458595750.jpg
小孤儿,9.0,家庭,美国,https://movie.douban.com/subject/1296573/,https://img3.doubanio.com/lpic/s8432261.jpg
海蒂,9.0,家庭,美国,https://movie.douban.com/subject/1925081/,https://img3.doubanio.com/view/photo/s_ratio_poster/public/p2270779943.jpg
圣经上这么说,9.0,家庭,美国,https://movie.douban.com/subject/2265183/,https://img3.doubanio.com/view/photo/s_ratio_poster/public/p2510755593.jpg
老鼠打扫记,9.0,家庭,美国,https://movie.douban.com/subject/2155204/,https://img3.doubanio.com/lpic/s8514360.jpg
保镖,9.0,家庭,美国,https://movie.douban.com/subject/5262213/,https://img3.doubanio.com/view/photo/s_ratio_poster/public/p2456687514.jpg
隐形墨水,9.0,家庭,美国,https://movie.douban.com/subject/5262222/,https://img3.doubanio.com/lpic/s4467736.jpg
杰瑞的表兄,9.0,家庭,美国,https://movie.douban.com/subject/3113288/,https://img1.doubanio.com/lpic/s8354088.jpg
杰瑞和狮子,9.0,家庭,美国,https://movie.douban.com/subject/2137538/,https://img3.doubanio.com/view/photo/s_ratio_poster/public/p2458595794.jpg
寂寞的老鼠,9.0,家庭,美国,https://movie.douban.com/subject/2137169/,https://img3.doubanio.com/view/photo/s_ratio_poster/public/p2456686820.jpg
麻烦的诞生,9.0,家庭,美国,https://movie.douban.com/subject/3113128/,https://img1.doubanio.com/lpic/s8514368.jpg
周末夜之猫,9.0,家庭,美国,https://movie.douban.com/subject/2144684/,https://img3.doubanio.com/view/photo/s_ratio_poster/public/p2506716493.jpg
强力乳液,9.0,家庭,美国,https://movie.douban.com/subject/3110686/,https://img3.doubanio.com/view/photo/s_ratio_poster/public/p2456686900.jpg
午睡纠纷,9.0,家庭,美国,https://movie.douban.com/subject/2137158/,https://img3.doubanio.com/lpic/s4466624.jpg
杰瑞与小象,9.0,家庭,美国,https://movie.douban.com/subject/5262244/,https://img3.doubanio.com/lpic/s4467781.jpg
皇帝的睡眠,9.0,家庭,美国,https://movie.douban.com/subject/2138399/,https://img3.doubanio.com/lpic/s4466643.jpg
太阳马戏团：神秘人,9.0,家庭,美国,https://movie.douban.com/subject/1308175/,https://img1.doubanio.com/view/photo/s_ratio_poster/public/p1445179819.jpg
有恩必报,9.0,家庭,美国,https://movie.douban.com/subject/5262239/,https://img1.doubanio.com/view/photo/s_ratio_poster/public/p2494213667.jpg
彩虹,9.0,家庭,美国,https://movie.douban.com/subject/1971485/,https://img3.doubanio.com/view/photo/s_ratio_poster/public/p503390374.jpg
小雪人喜欢我,9.1,家庭,美国,https://movie.douban.com/subject/5262207/,https://img3.doubanio.com/lpic/s4467821.jpg
胆小的猫咪,9.0,家庭,美国,https://movie.douban.com/subject/5290016/,https://img1.doubanio.com/lpic/s8938699.jpg
金色池塘,9.0,家庭,美国,https://movie.douban.com/subject/5135239/,https://img3.doubanio.com/view/photo/s_ratio_poster/public/p2507466255.jpg
拾下拾下,9.6,喜剧,香港,https://movie.douban.com/subject/26801795/,https://img3.doubanio.com/view/photo/s_ratio_poster/public/p2359001422.jpg
秋前算账,9.6,喜剧,香港,https://movie.douban.com/subject/26801794/,https://img3.doubanio.com/view/photo/s_ratio_poster/public/p2358999062.jpg
越大镬越快乐,9.5,喜剧,香港,https://movie.douban.com/subject/25810998/,https://img3.doubanio.com/view/photo/s_ratio_poster/public/p2365168701.jpg
哗众取宠,9.5,喜剧,香港,https://movie.douban.com/subject/26791663/,https://img3.doubanio.com/view/photo/s_ratio_poster/public/p2351203974.jpg
黄子华栋笃笑之冇炭用,9.6,喜剧,香港,https://movie.douban.com/subject/26794221/,https://img1.doubanio.com/view/photo/s_ratio_poster/public/p2352295709.jpg
娱乐圈血肉史,9.3,喜剧,香港,https://movie.douban.com/subject/25786046/,https://img3.doubanio.com/view/photo/s_ratio_poster/public/p2210682395.jpg
娱乐圈血肉史2,9.4,喜剧,香港,https://movie.douban.com/subject/26348796/,https://img1.doubanio.com/view/photo/s_ratio_poster/public/p2239371338.jpg
黃子華栋笃笑之色情家庭,9.4,喜剧,香港,https://movie.douban.com/subject/26796663/,https://img1.doubanio.com/view/photo/s_ratio_poster/public/p2353716227.jpg
跟住去边度,9.3,喜剧,香港,https://movie.douban.com/subject/26767519/,https://img3.doubanio.com/view/photo/s_ratio_poster/public/p2329970542.jpg
黃子華棟篤笑之末世財神,9.3,喜剧,香港,https://movie.douban.com/subject/26797718/,https://img1.doubanio.com/view/photo/s_ratio_poster/public/p2378106307.jpg
大话西游之大圣娶亲,9.2,喜剧,香港,https://movie.douban.com/subject/1292213/,https://img3.doubanio.com/view/photo/s_ratio_poster/public/p2455050536.jpg
黄子华栋笃笑之洗燥,9.1,喜剧,香港,https://movie.douban.com/subject/26582661/,https://img3.doubanio.com/view/photo/s_ratio_poster/public/p2425882934.jpg
一磅肉,9.1,喜剧,香港,https://movie.douban.com/subject/3543679/,https://img3.doubanio.com/view/photo/s_ratio_poster/public/p2342489640.jpg
霸王别姬,9.5,爱情,香港,https://movie.douban.com/subject/1291546/,https://img3.doubanio.com/view/photo/s_ratio_poster/public/p1910813120.jpg
蝶影红梨记,9.4,爱情,香港,https://movie.douban.com/subject/4047730/,https://img3.doubanio.com/view/photo/s_ratio_poster/public/p2388820490.jpg
紫钗记,9.3,爱情,香港,https://movie.douban.com/subject/1401219/,https://img1.doubanio.com/view/photo/s_ratio_poster/public/p2274298717.jpg
大话西游之大圣娶亲,9.2,爱情,香港,https://movie.douban.com/subject/1292213/,https://img3.doubanio.com/view/photo/s_ratio_poster/public/p2455050536.jpg
幸福的旁边,9.1,爱情,香港,https://movie.douban.com/subject/26879897/,https://img3.doubanio.com/view/photo/s_ratio_poster/public/p2503447611.jpg
南海十三郎,9.1,爱情,香港,https://movie.douban.com/subject/1303913/,https://img1.doubanio.com/view/photo/s_ratio_poster/public/p2328424489.jpg
上海滩,9.0,爱情,香港,https://movie.douban.com/subject/6311260/,https://img3.doubanio.com/view/photo/s_ratio_poster/public/p2344833803.jpg
黃子華栋笃笑之色情家庭,9.4,家庭,香港,https://movie.douban.com/subject/26796663/,https://img1.doubanio.com/view/photo/s_ratio_poster/public/p2353716227.jpg
活着,9.1,家庭,香港,https://movie.douban.com/subject/1292365/,https://img3.doubanio.com/view/photo/s_ratio_poster/public/p2173575484.jpg
莫文蔚: 好莫文蔚巡迴演唱會,9.5,爱情,台湾,https://movie.douban.com/subject/4314336/,https://img3.doubanio.com/lpic/s4199506.jpg
冲天,9.2,爱情,台湾,https://movie.douban.com/subject/26602234/,https://img3.doubanio.com/view/photo/s_ratio_poster/public/p2279974285.jpg
饮食男女,9.1,爱情,台湾,https://movie.douban.com/subject/1291818/,https://img3.doubanio.com/view/photo/s_ratio_poster/public/p1910899751.jpg
听‧见 林俊杰,9.4,家庭,台湾,https://movie.douban.com/subject/26832858/,https://img3.doubanio.com/view/photo/s_ratio_poster/public/p2365266182.jpg
饮食男女,9.1,家庭,台湾,https://movie.douban.com/subject/1291818/,https://img3.doubanio.com/view/photo/s_ratio_poster/public/p1910899751.jpg
长假,9.0,家庭,台湾,https://movie.douban.com/subject/3098844/,https://img3.doubanio.com/view/photo/s_ratio_poster/public/p2153135246.jpg
Me and My Girl,9.6,喜剧,日本,https://movie.douban.com/subject/11577118/,https://img3.doubanio.com/view/photo/s_ratio_poster/public/p2510934952.jpg
银魂：白夜叉降诞预告,9.5,喜剧,日本,https://movie.douban.com/subject/4236817/,https://img1.doubanio.com/view/photo/s_ratio_poster/public/p2214620528.jpg
校园疯神榜！2015,9.5,喜剧,日本,https://movie.douban.com/subject/26657143/,https://img3.doubanio.com/view/photo/s_ratio_poster/public/p2280411490.jpg
银魂完结篇：直到永远的万事屋,9.3,喜剧,日本,https://movie.douban.com/subject/11615927/,https://img3.doubanio.com/view/photo/s_ratio_poster/public/p2258024316.jpg
虎与龙SP,9.2,喜剧,日本,https://movie.douban.com/subject/3118848/,https://img3.doubanio.com/view/photo/s_ratio_poster/public/p809505182.jpg
最完美的离婚 2014特别篇,9.1,喜剧,日本,https://movie.douban.com/subject/25790749/,https://img1.doubanio.com/view/photo/s_ratio_poster/public/p2186872257.jpg
银魂剧场版：新译红樱篇,9.1,喜剧,日本,https://movie.douban.com/subject/4122194/,https://img3.doubanio.com/view/photo/s_ratio_poster/public/p612363092.jpg
蜡笔小新之呼风唤雨！大人帝国的反击,9.1,喜剧,日本,https://movie.douban.com/subject/1958667/,https://img3.doubanio.com/view/photo/s_ratio_poster/public/p2327107485.jpg
倒数第二次恋爱 2012秋SP,9.1,喜剧,日本,https://movie.douban.com/subject/19955789/,https://img3.doubanio.com/view/photo/s_ratio_poster/public/p1998695160.jpg
日本之形,9.1,喜剧,日本,https://movie.douban.com/subject/2085511/,https://img3.doubanio.com/view/photo/s_ratio_poster/public/p2253859656.jpg
24小时不准笑：热血教师24小时,9.1,喜剧,日本,https://movie.douban.com/subject/26685361/,https://img3.doubanio.com/view/photo/s_ratio_poster/public/p2304326774.jpg
红鳉鱼,9.0,喜剧,日本,https://movie.douban.com/subject/26266892/,https://img3.doubanio.com/view/photo/s_ratio_poster/public/p2315734512.jpg
凉宫春日的消失,9.0,喜剧,日本,https://movie.douban.com/subject/4074292/,https://img3.doubanio.com/view/photo/s_ratio_poster/public/p2246432125.jpg
召唤恶魔阿萨谢尔OAD：泣牛篇,9.0,喜剧,日本,https://movie.douban.com/subject/4287119/,https://img3.doubanio.com/view/photo/s_ratio_poster/public/p2509351725.jpg
召唤恶魔阿萨谢尔OAD：赛亚篇,9.0,喜剧,日本,https://movie.douban.com/subject/4858779/,https://img3.doubanio.com/view/photo/s_ratio_poster/public/p2509351631.jpg
召唤恶魔阿萨谢尔OAD：路西法篇,9.0,喜剧,日本,https://movie.douban.com/subject/10767534/,https://img3.doubanio.com/view/photo/s_ratio_poster/public/p2509350226.jpg
木更津猫眼 世界系列,9.0,喜剧,日本,https://movie.douban.com/subject/1793394/,https://img3.doubanio.com/view/photo/s_ratio_poster/public/p764157116.jpg
草莓棉花糖 OVA 3卷,9.0,喜剧,日本,https://movie.douban.com/subject/2224447/,https://img1.doubanio.com/view/photo/s_ratio_poster/public/p2508803808.jpg
草莓棉花糖 OVA 2卷,9.0,喜剧,日本,https://movie.douban.com/subject/2224446/,https://img3.doubanio.com/view/photo/s_ratio_poster/public/p2508803736.jpg
起司猫OAD,9.0,喜剧,日本,https://movie.douban.com/subject/5401535/,https://img3.doubanio.com/view/photo/s_ratio_poster/public/p837241950.jpg
阿滋漫画大王 短篇电影,9.0,喜剧,日本,https://movie.douban.com/subject/2239631/,https://img1.doubanio.com/view/photo/s_ratio_poster/public/p2508807008.jpg
8UPPERS FEATURE MUSIC FILM,9.1,喜剧,日本,https://movie.douban.com/subject/6839118/,https://img1.doubanio.com/view/photo/s_ratio_poster/public/p1210671627.jpg
寅次郎的故事15：鸳鸯伞,9.0,喜剧,日本,https://movie.douban.com/subject/1416702/,https://img3.doubanio.com/view/photo/s_ratio_poster/public/p2333007611.jpg
浮浪云,9.0,喜剧,日本,https://movie.douban.com/subject/5913049/,https://img3.doubanio.com/view/photo/s_ratio_poster/public/p1861863995.jpg
KinKi Kids 你不在身边的夏天 songs,9.7,爱情,日本,https://movie.douban.com/subject/27605662/,https://img3.doubanio.com/view/photo/s_ratio_poster/public/p2507748550.jpg
KinKi Kids ～硝子の少年達の「今」～,9.7,爱情,日本,https://movie.douban.com/subject/26920950/,https://img1.doubanio.com/view/photo/s_ratio_poster/public/p2399937958.jpg
Me and My Girl,9.6,爱情,日本,https://movie.douban.com/subject/11577118/,https://img3.doubanio.com/view/photo/s_ratio_poster/public/p2510934952.jpg
北国之恋：1987初恋,9.5,爱情,日本,https://movie.douban.com/subject/3794147/,https://img3.doubanio.com/view/photo/s_ratio_poster/public/p2472830331.jpg
北国之恋：1989归乡,9.5,爱情,日本,https://movie.douban.com/subject/3794149/,https://img3.doubanio.com/view/photo/s_ratio_poster/public/p2143869665.jpg
飄,9.5,爱情,日本,https://movie.douban.com/subject/26555978/,https://img3.doubanio.com/view/photo/s_ratio_poster/public/p2256610543.jpg
奥丁领域,9.2,爱情,日本,https://movie.douban.com/subject/5450837/,https://img3.doubanio.com/view/photo/s_ratio_poster/public/p784512610.jpg
回忆积木小屋,9.3,爱情,日本,https://movie.douban.com/subject/3560787/,https://img3.doubanio.com/view/photo/s_ratio_poster/public/p2205961264.jpg
千与千寻,9.2,爱情,日本,https://movie.douban.com/subject/1291561/,https://img3.doubanio.com/view/photo/s_ratio_poster/public/p1910830216.jpg
最完美的离婚 2014特别篇,9.1,爱情,日本,https://movie.douban.com/subject/25790749/,https://img1.doubanio.com/view/photo/s_ratio_poster/public/p2186872257.jpg
女人步上楼梯时,9.1,爱情,日本,https://movie.douban.com/subject/1419479/,https://img3.doubanio.com/view/photo/s_ratio_poster/public/p2462525755.jpg
命运石之门：横行跋扈的浪荡之徒,9.1,爱情,日本,https://movie.douban.com/subject/10521690/,https://img3.doubanio.com/view/photo/s_ratio_poster/public/p1432532161.jpg
倒数第二次恋爱 2012秋SP,9.1,爱情,日本,https://movie.douban.com/subject/19955789/,https://img3.doubanio.com/view/photo/s_ratio_poster/public/p1998695160.jpg
情迷意乱,9.1,爱情,日本,https://movie.douban.com/subject/1422091/,https://img3.doubanio.com/view/photo/s_ratio_poster/public/p1449763371.jpg
蜂蜜与四叶草 LF特别篇,9.1,爱情,日本,https://movie.douban.com/subject/6733294/,https://img1.doubanio.com/view/photo/s_ratio_poster/public/p2509581309.jpg
天空之城,9.0,爱情,日本,https://movie.douban.com/subject/1291583/,https://img1.doubanio.com/view/photo/s_ratio_poster/public/p1446261379.jpg
元气少女缘结神OVA：神明 幸福美满,9.0,爱情,日本,https://movie.douban.com/subject/26899000/,https://img3.doubanio.com/view/photo/s_ratio_poster/public/p2391890320.jpg
高智能方程式赛车 TV总集篇,9.0,爱情,日本,https://movie.douban.com/subject/4906417/,https://img3.doubanio.com/lpic/s4412555.jpg
放浪男孩OVA 告白 ～Each Seasons～,9.0,爱情,日本,https://movie.douban.com/subject/6902342/,https://img1.doubanio.com/view/photo/s_ratio_poster/public/p2509356959.jpg
乱莺,9.0,爱情,日本,https://movie.douban.com/subject/26897405/,https://img3.doubanio.com/view/photo/s_ratio_poster/public/p2461995492.jpg
北国之恋：2002遗言,9.5,家庭,日本,https://movie.douban.com/subject/2025137/,https://img1.doubanio.com/view/photo/s_ratio_poster/public/p2508558327.jpg
北国之恋：1987初恋,9.5,家庭,日本,https://movie.douban.com/subject/3794147/,https://img3.doubanio.com/view/photo/s_ratio_poster/public/p2472830331.jpg
北国之恋：1995秘密,9.5,家庭,日本,https://movie.douban.com/subject/2025130/,https://img3.doubanio.com/view/photo/s_ratio_poster/public/p2508557411.jpg
北国之恋：1992自立,9.4,家庭,日本,https://movie.douban.com/subject/2025124/,https://img3.doubanio.com/view/photo/s_ratio_poster/public/p2508557701.jpg
北国之恋：1989归乡,9.5,家庭,日本,https://movie.douban.com/subject/3794149/,https://img3.doubanio.com/view/photo/s_ratio_poster/public/p2143869665.jpg
北国之恋：1998时代,9.5,家庭,日本,https://movie.douban.com/subject/2025138/,https://img3.doubanio.com/view/photo/s_ratio_poster/public/p2323647341.jpg
东京物语,9.2,家庭,日本,https://movie.douban.com/subject/1291568/,https://img3.doubanio.com/view/photo/s_ratio_poster/public/p1910832390.jpg
龙猫,9.1,家庭,日本,https://movie.douban.com/subject/1291560/,https://img3.doubanio.com/view/photo/s_ratio_poster/public/p456668316.jpg
含泪活着,9.1,家庭,日本,https://movie.douban.com/subject/2342568/,https://img3.doubanio.com/view/photo/s_ratio_poster/public/p2233218756.jpg
情迷意乱,9.1,家庭,日本,https://movie.douban.com/subject/1422091/,https://img3.doubanio.com/view/photo/s_ratio_poster/public/p1449763371.jpg
大家庭,9.1,家庭,日本,https://movie.douban.com/subject/6971296/,https://img3.doubanio.com/view/photo/s_ratio_poster/public/p1307564403.jpg
小白熊,9.1,家庭,日本,https://movie.douban.com/subject/4905041/,https://img3.doubanio.com/lpic/s4406762.jpg
无人知晓,9.0,家庭,日本,https://movie.douban.com/subject/1292337/,https://img3.doubanio.com/view/photo/s_ratio_poster/public/p661160053.jpg
一碗阳春面,9.0,家庭,日本,https://movie.douban.com/subject/2062564/,https://img3.doubanio.com/view/photo/s_ratio_poster/public/p2182803213.jpg
临终笔记,9.0,家庭,日本,https://movie.douban.com/subject/6513842/,https://img1.doubanio.com/view/photo/s_ratio_poster/public/p2174535987.jpg
出租车,9.5,喜剧,韩国,https://movie.douban.com/subject/26994877/,https://img3.doubanio.com/view/photo/s_ratio_poster/public/p2445935214.jpg
出租车司机冒险记,9.2,喜剧,韩国,https://movie.douban.com/subject/4705150/,https://img3.doubanio.com/view/photo/s_ratio_poster/public/p2502580762.jpg
宇宙快递,9.0,喜剧,韩国,https://movie.douban.com/subject/25884822/,https://img3.doubanio.com/view/photo/s_ratio_poster/public/p2229847445.jpg
我爱你,9.0,爱情,韩国,https://movie.douban.com/subject/5908478/,https://img1.doubanio.com/view/photo/s_ratio_poster/public/p1075591188.jpg
素媛,9.1,家庭,韩国,https://movie.douban.com/subject/21937452/,https://img3.doubanio.com/view/photo/s_ratio_poster/public/p2118532944.jpg
我爱你,9.0,家庭,韩国,https://movie.douban.com/subject/5908478/,https://img1.doubanio.com/view/photo/s_ratio_poster/public/p1075591188.jpg
爱·回家,9.0,家庭,韩国,https://movie.douban.com/subject/1299361/,https://img3.doubanio.com/view/photo/s_ratio_poster/public/p2107418134.jpg
The League Of Gentlemen Live At Drury Lane,9.7,喜剧,英国,https://movie.douban.com/subject/20277079/,https://img3.doubanio.com/view/photo/s_ratio_poster/public/p2309939835.jpg
Journey of the Childmen: The Mighty Boosh on Tour,9.7,喜剧,英国,https://movie.douban.com/subject/3088560/,https://img3.doubanio.com/view/photo/s_ratio_poster/public/p1774351785.jpg
Comedy Connections-Yes Minister,9.7,喜剧,英国,https://movie.douban.com/subject/3541903/,https://img3.doubanio.com/view/photo/s_ratio_poster/public/p2196015190.jpg
Blackadder Exclusive: The Whole Rotten Saga,9.7,喜剧,英国,https://movie.douban.com/subject/3302953/,https://img3.doubanio.com/view/photo/s_ratio_poster/public/p1750245645.jpg
憨豆先生精选辑,9.6,喜剧,英国,https://movie.douban.com/subject/5133063/,https://img3.doubanio.com/view/photo/s_ratio_poster/public/p2354179225.jpg
最高档 极地特辑,9.6,喜剧,英国,https://movie.douban.com/subject/10573342/,https://img3.doubanio.com/view/photo/s_ratio_poster/public/p1509902065.jpg
凯特秀：喜剧插曲之神秘博士特别篇,9.6,喜剧,英国,https://movie.douban.com/subject/25824839/,https://img3.doubanio.com/view/photo/s_ratio_poster/public/p2190387924.jpg
绅士联盟舞台剧,9.5,喜剧,英国,https://movie.douban.com/subject/20491284/,https://img3.doubanio.com/view/photo/s_ratio_poster/public/p2235065102.jpg
The Mighty Boosh Live: Future Sailors Tour,9.6,喜剧,英国,https://movie.douban.com/subject/4160462/,https://img3.doubanio.com/view/photo/s_ratio_poster/public/p1774348456.jpg
跳到最后,9.6,喜剧,英国,https://movie.douban.com/subject/3838208/,https://img3.doubanio.com/view/photo/s_ratio_poster/public/p2379644743.jpg
Aim Low:The Best of Dylan Moran,9.6,喜剧,英国,https://movie.douban.com/subject/5913043/,https://img1.doubanio.com/lpic/s4596109.jpg
新闻问答,9.6,喜剧,英国,https://movie.douban.com/subject/2270182/,https://img3.doubanio.com/lpic/s2727625.jpg
法国小馆儿归来,9.6,喜剧,英国,https://movie.douban.com/subject/5194566/,https://img1.doubanio.com/lpic/s4493287.jpg
绿日乐队：圣经上的子弹演唱会,9.5,喜剧,英国,https://movie.douban.com/subject/2052209/,https://img3.doubanio.com/view/photo/s_ratio_poster/public/p2510821205.jpg
创造“哈利`波特”的世界：生物,9.5,喜剧,英国,https://movie.douban.com/subject/6721622/,https://img1.doubanio.com/view/photo/s_ratio_poster/public/p2425167528.jpg
五位(还嫌少)博士重启,9.5,喜剧,英国,https://movie.douban.com/subject/25777719/,https://img1.doubanio.com/view/photo/s_ratio_poster/public/p2160377148.jpg
跳出我天地音乐剧,9.4,喜剧,英国,https://movie.douban.com/subject/26264388/,https://img3.doubanio.com/view/photo/s_ratio_poster/public/p2215874393.jpg
文艺趣向,9.5,喜剧,英国,https://movie.douban.com/subject/26637592/,https://img3.doubanio.com/view/photo/s_ratio_poster/public/p2325812941.jpg
Jam,9.5,喜剧,英国,https://movie.douban.com/subject/2077558/,https://img3.doubanio.com/lpic/s2401735.jpg
IT狂人说明书,9.4,喜剧,英国,https://movie.douban.com/subject/25800237/,https://img3.doubanio.com/view/photo/s_ratio_poster/public/p2164513614.jpg
地球脉动2：奇迹世界,9.8,爱情,英国,https://movie.douban.com/subject/27087625/,https://img3.doubanio.com/view/photo/s_ratio_poster/public/p2508258590.jpg
剧院魅影：25周年纪念演出,9.7,爱情,英国,https://movie.douban.com/subject/24751811/,https://img3.doubanio.com/view/photo/s_ratio_poster/public/p2006533765.jpg
天使在美国第二部：重建,9.5,爱情,英国,https://movie.douban.com/subject/27045950/,https://img3.doubanio.com/view/photo/s_ratio_poster/public/p2474462430.jpg
飄,9.5,爱情,英国,https://movie.douban.com/subject/26555978/,https://img3.doubanio.com/view/photo/s_ratio_poster/public/p2256610543.jpg
唐顿庄园：2015圣诞特别篇,9.4,爱情,英国,https://movie.douban.com/subject/26320001/,https://img3.doubanio.com/view/photo/s_ratio_poster/public/p2292519115.jpg
天鹅湖,9.4,爱情,英国,https://movie.douban.com/subject/1421850/,https://img1.doubanio.com/view/photo/s_ratio_poster/public/p1412886678.jpg
吉塞尔,9.5,爱情,英国,https://movie.douban.com/subject/5156658/,https://img1.doubanio.com/view/photo/s_ratio_poster/public/p2253932817.jpg
snorks,9.4,爱情,英国,https://movie.douban.com/subject/1863428/,https://img3.doubanio.com/lpic/s1796635.jpg
盗梦空间,9.3,爱情,英国,https://movie.douban.com/subject/3541415/,https://img3.doubanio.com/view/photo/s_ratio_poster/public/p513344864.jpg
极品基老伴：完结篇,9.3,爱情,英国,https://movie.douban.com/subject/26700818/,https://img3.doubanio.com/view/photo/s_ratio_poster/public/p2360539785.jpg
凡人与超人,9.3,爱情,英国,https://movie.douban.com/subject/26637930/,https://img3.doubanio.com/view/photo/s_ratio_poster/public/p2342687224.jpg
无事生非 (2011年伦敦Wyndham剧院版),9.3,爱情,英国,https://movie.douban.com/subject/26763132/,https://img1.doubanio.com/view/photo/s_ratio_poster/public/p2328040727.jpg
唐顿庄园：2011圣诞特别篇,9.2,爱情,英国,https://movie.douban.com/subject/6870362/,https://img1.doubanio.com/view/photo/s_ratio_poster/public/p1711501188.jpg
极品基老伴：2013圣诞特辑,9.2,爱情,英国,https://movie.douban.com/subject/25758898/,https://img3.doubanio.com/view/photo/s_ratio_poster/public/p2187166976.jpg
危险关系,9.1,爱情,英国,https://movie.douban.com/subject/26745571/,https://img3.doubanio.com/view/photo/s_ratio_poster/public/p2328681271.jpg
清秀佳人第二部,9.2,爱情,英国,https://movie.douban.com/subject/5047697/,https://img3.doubanio.com/view/photo/s_ratio_poster/public/p1968503455.jpg
皆大欢喜,9.2,爱情,英国,https://movie.douban.com/subject/25795905/,https://img3.doubanio.com/view/photo/s_ratio_poster/public/p2163632711.jpg
博士的女伴,9.1,爱情,英国,https://movie.douban.com/subject/11625156/,https://img3.doubanio.com/view/photo/s_ratio_poster/public/p1876814414.jpg
影子大地,9.0,爱情,英国,https://movie.douban.com/subject/1299515/,https://img3.doubanio.com/view/photo/s_ratio_poster/public/p2427877973.jpg
虎王归来,9.1,爱情,英国,https://movie.douban.com/subject/24849943/,https://img3.doubanio.com/view/photo/s_ratio_poster/public/p2029447346.jpg
唐顿庄园：2015圣诞特别篇,9.4,家庭,英国,https://movie.douban.com/subject/26320001/,https://img3.doubanio.com/view/photo/s_ratio_poster/public/p2292519115.jpg
极品基老伴：完结篇,9.3,家庭,英国,https://movie.douban.com/subject/26700818/,https://img3.doubanio.com/view/photo/s_ratio_poster/public/p2360539785.jpg
翠鸟河日记,9.3,家庭,英国,https://movie.douban.com/subject/4933236/,https://img1.doubanio.com/view/photo/s_ratio_poster/public/p2247017498.jpg
唐顿庄园：2011圣诞特别篇,9.2,家庭,英国,https://movie.douban.com/subject/6870362/,https://img1.doubanio.com/view/photo/s_ratio_poster/public/p1711501188.jpg
蒙哥,9.2,家庭,英国,https://movie.douban.com/subject/3012012/,https://img3.doubanio.com/view/photo/s_ratio_poster/public/p1214028386.jpg
如何死亡：西蒙的抉择,9.2,家庭,英国,https://movie.douban.com/subject/26718518/,https://img3.doubanio.com/view/photo/s_ratio_poster/public/p2321438925.jpg
小熊维尼与操劳的一天,9.2,家庭,英国,https://movie.douban.com/subject/1871566/,https://img3.doubanio.com/lpic/s4042414.jpg
清秀佳人第二部,9.2,家庭,英国,https://movie.douban.com/subject/5047697/,https://img3.doubanio.com/view/photo/s_ratio_poster/public/p1968503455.jpg
水獭塔卡,9.1,家庭,英国,https://movie.douban.com/subject/2016065/,https://img3.doubanio.com/view/photo/s_ratio_poster/public/p2190708371.jpg
反叛的童谣,9.1,家庭,英国,https://movie.douban.com/subject/27073245/,https://img3.doubanio.com/view/photo/s_ratio_poster/public/p2507016491.jpg
彩虹,9.0,家庭,英国,https://movie.douban.com/subject/1971485/,https://img3.doubanio.com/view/photo/s_ratio_poster/public/p503390374.jpg
快乐王子,9.0,家庭,英国,https://movie.douban.com/subject/2043312/,https://img1.doubanio.com/lpic/s23117678.jpg
l'autre c'est moi,9.7,喜剧,法国,https://movie.douban.com/subject/2382278/,https://img3.doubanio.com/lpic/s4695480.jpg
Papa est en haut,9.6,喜剧,法国,https://movie.douban.com/subject/3993697/,https://img3.doubanio.com/lpic/s3950012.jpg
The Work of Director Michel Gondry,9.3,喜剧,法国,https://movie.douban.com/subject/1400646/,https://img1.doubanio.com/view/photo/s_ratio_poster/public/p1348801388.jpg
土豆工厂,9.4,喜剧,法国,https://movie.douban.com/subject/1793083/,https://img3.doubanio.com/view/photo/s_ratio_poster/public/p2233036824.jpg
大胖考10周年,9.2,喜剧,法国,https://movie.douban.com/subject/26296014/,https://img3.doubanio.com/view/photo/s_ratio_poster/public/p2220561444.jpg
触不可及,9.1,喜剧,法国,https://movie.douban.com/subject/6786002/,https://img3.doubanio.com/view/photo/s_ratio_poster/public/p1454261925.jpg
雇佣人生,9.1,喜剧,法国,https://movie.douban.com/subject/3823425/,https://img3.doubanio.com/view/photo/s_ratio_poster/public/p2027109343.jpg
地下,9.1,喜剧,法国,https://movie.douban.com/subject/1292206/,https://img3.doubanio.com/view/photo/s_ratio_poster/public/p1833776334.jpg
阿德尔曼夫妇,9.0,喜剧,法国,https://movie.douban.com/subject/26951692/,https://img3.doubanio.com/view/photo/s_ratio_poster/public/p2417978591.jpg
阿福世界,9.1,喜剧,法国,https://movie.douban.com/subject/4603384/,https://img1.doubanio.com/lpic/s4214847.jpg
光荣的日子,9.1,喜剧,法国,https://movie.douban.com/subject/3724036/,https://img3.doubanio.com/view/photo/s_ratio_poster/public/p1112469352.jpg
冠军理发师,9.1,喜剧,法国,https://movie.douban.com/subject/5115829/,https://img1.doubanio.com/view/photo/s_ratio_poster/public/p1001238848.jpg
宝琳和宝莱特,9.0,喜剧,法国,https://movie.douban.com/subject/1756409/,https://img3.doubanio.com/lpic/s1627894.jpg
金球,9.0,喜剧,法国,https://movie.douban.com/subject/3134269/,https://img1.doubanio.com/view/photo/s_ratio_poster/public/p2251344879.jpg
"加油,法国队!",9.0,喜剧,法国,https://movie.douban.com/subject/3700124/,https://img3.doubanio.com/lpic/s3754010.jpg
法老的女儿,9.5,爱情,法国,https://movie.douban.com/subject/1899210/,https://img3.doubanio.com/view/photo/s_ratio_poster/public/p1076710953.jpg
这个杀手不太冷,9.4,爱情,法国,https://movie.douban.com/subject/1295644/,https://img3.doubanio.com/view/photo/s_ratio_poster/public/p511118051.jpg
吉塞尔,9.5,爱情,法国,https://movie.douban.com/subject/5156658/,https://img1.doubanio.com/view/photo/s_ratio_poster/public/p2253932817.jpg
巴黎圣母院,9.3,爱情,法国,https://movie.douban.com/subject/20326557/,https://img3.doubanio.com/view/photo/s_ratio_poster/public/p2329626263.jpg
罗密欧与朱丽叶,9.3,爱情,法国,https://movie.douban.com/subject/25928148/,https://img3.doubanio.com/view/photo/s_ratio_poster/public/p2224933614.jpg
天堂电影院,9.1,爱情,法国,https://movie.douban.com/subject/1291828/,https://img3.doubanio.com/view/photo/s_ratio_poster/public/p1910901025.jpg
卡门,9.1,爱情,法国,https://movie.douban.com/subject/1448669/,https://img3.doubanio.com/view/photo/s_ratio_poster/public/p2500317262.jpg
阿德尔曼夫妇,9.0,爱情,法国,https://movie.douban.com/subject/26951692/,https://img3.doubanio.com/view/photo/s_ratio_poster/public/p2417978591.jpg
沉静如海,9.0,爱情,法国,https://movie.douban.com/subject/1769507/,https://img3.doubanio.com/view/photo/s_ratio_poster/public/p2365157916.jpg
卡比利亚之夜,9.0,爱情,法国,https://movie.douban.com/subject/1294781/,https://img3.doubanio.com/view/photo/s_ratio_poster/public/p922159253.jpg
柴可夫斯基芭蕾舞剧：胡桃夹子,9.0,爱情,法国,https://movie.douban.com/subject/3541997/,https://img3.doubanio.com/view/photo/s_ratio_poster/public/p2327920276.jpg
爱尔丝小姐,9.0,爱情,法国,https://movie.douban.com/subject/2084602/,https://img1.doubanio.com/view/photo/s_ratio_poster/public/p2153966838.jpg
Michel Gondry 2: More Videos,9.0,爱情,法国,https://movie.douban.com/subject/3872558/,https://img3.doubanio.com/view/photo/s_ratio_poster/public/p2192255135.jpg
我是海尔姆特,9.4,喜剧,德国,https://movie.douban.com/subject/5360245/,https://img3.doubanio.com/lpic/s4533690.jpg
塞维利亚的理发师,9.2,喜剧,德国,https://movie.douban.com/subject/1772046/,https://img3.doubanio.com/lpic/s1643193.jpg
地下,9.1,喜剧,德国,https://movie.douban.com/subject/1292206/,https://img3.doubanio.com/view/photo/s_ratio_poster/public/p1833776334.jpg
费加罗的婚礼,9.1,喜剧,德国,https://movie.douban.com/subject/1797500/,https://img1.doubanio.com/view/photo/s_ratio_poster/public/p2272483089.jpg
伊丽莎白,9.6,爱情,德国,https://movie.douban.com/subject/24877005/,https://img3.doubanio.com/view/photo/s_ratio_poster/public/p2264336223.jpg
芭蕾电影《吉赛尔》,9.3,爱情,德国,https://movie.douban.com/subject/1797540/,https://img1.doubanio.com/view/photo/s_ratio_poster/public/p2352966949.jpg
祖母的照相馆,9.2,爱情,德国,https://movie.douban.com/subject/11587751/,https://img3.doubanio.com/view/photo/s_ratio_poster/public/p1659366674.jpg
费加罗的婚礼,9.1,爱情,德国,https://movie.douban.com/subject/1797500/,https://img1.doubanio.com/view/photo/s_ratio_poster/public/p2272483089.jpg
沉静如海,9.0,爱情,德国,https://movie.douban.com/subject/1769507/,https://img3.doubanio.com/view/photo/s_ratio_poster/public/p2365157916.jpg
爱的奇迹,9.0,爱情,德国,https://movie.douban.com/subject/2119286/,https://img3.doubanio.com/view/photo/s_ratio_poster/public/p533191776.jpg
爱尔丝小姐,9.0,爱情,德国,https://movie.douban.com/subject/2084602/,https://img1.doubanio.com/view/photo/s_ratio_poster/public/p2153966838.jpg
祖母的照相馆,9.2,家庭,德国,https://movie.douban.com/subject/11587751/,https://img3.doubanio.com/view/photo/s_ratio_poster/public/p1659366674.jpg
美丽人生,9.5,喜剧,意大利,https://movie.douban.com/subject/1292063/,https://img3.doubanio.com/view/photo/s_ratio_poster/public/p510861873.jpg
塞维利亚的理发师,9.2,喜剧,意大利,https://movie.douban.com/subject/1772046/,https://img3.doubanio.com/lpic/s1643193.jpg
费加罗的婚礼,9.1,喜剧,意大利,https://movie.douban.com/subject/1797500/,https://img1.doubanio.com/view/photo/s_ratio_poster/public/p2272483089.jpg
流浪者之歌,9.0,喜剧,意大利,https://movie.douban.com/subject/1303525/,https://img3.doubanio.com/view/photo/s_ratio_poster/public/p2267333084.jpg
莫扎特 歌剧《唐·乔万尼》（唐璜）,9.1,喜剧,意大利,https://movie.douban.com/subject/1877242/,https://img3.doubanio.com/lpic/s1812251.jpg
美丽人生,9.5,爱情,意大利,https://movie.douban.com/subject/1292063/,https://img3.doubanio.com/view/photo/s_ratio_poster/public/p510861873.jpg
灿烂人生,9.3,爱情,意大利,https://movie.douban.com/subject/1291831/,https://img3.doubanio.com/view/photo/s_ratio_poster/public/p1161132422.jpg
图兰朵,9.3,爱情,意大利,https://movie.douban.com/subject/11531648/,https://img1.doubanio.com/view/photo/s_ratio_poster/public/p2509441469.jpg
海上钢琴师,9.2,爱情,意大利,https://movie.douban.com/subject/1292001/,https://img1.doubanio.com/view/photo/s_ratio_poster/public/p511146807.jpg
天堂电影院,9.1,爱情,意大利,https://movie.douban.com/subject/1291828/,https://img3.doubanio.com/view/photo/s_ratio_poster/public/p1910901025.jpg
美国往事,9.1,爱情,意大利,https://movie.douban.com/subject/1292262/,https://img1.doubanio.com/view/photo/s_ratio_poster/public/p477229647.jpg
费加罗的婚礼,9.1,爱情,意大利,https://movie.douban.com/subject/1797500/,https://img1.doubanio.com/view/photo/s_ratio_poster/public/p2272483089.jpg
卡比利亚之夜,9.0,爱情,意大利,https://movie.douban.com/subject/1294781/,https://img3.doubanio.com/view/photo/s_ratio_poster/public/p922159253.jpg
灿烂人生,9.3,家庭,意大利,https://movie.douban.com/subject/1291831/,https://img3.doubanio.com/view/photo/s_ratio_poster/public/p1161132422.jpg
海蒂,9.0,家庭,意大利,https://movie.douban.com/subject/1925081/,https://img3.doubanio.com/view/photo/s_ratio_poster/public/p2270779943.jpg
Abhilasha,9.7,喜剧,印度,https://movie.douban.com/subject/3278106/,https://img3.doubanio.com/lpic/s3338625.jpg
三傻大闹宝莱坞,9.1,喜剧,印度,https://movie.douban.com/subject/3793023/,https://img3.doubanio.com/view/photo/s_ratio_poster/public/p579729551.jpg
摔跤吧！爸爸,9.1,喜剧,印度,https://movie.douban.com/subject/26387939/,https://img3.doubanio.com/view/photo/s_ratio_poster/public/p2457983084.jpg
三傻大闹宝莱坞,9.1,爱情,印度,https://movie.douban.com/subject/3793023/,https://img3.doubanio.com/view/photo/s_ratio_poster/public/p579729551.jpg
爱的奇迹,9.0,爱情,印度,https://movie.douban.com/subject/2119286/,https://img3.doubanio.com/view/photo/s_ratio_poster/public/p533191776.jpg
摔跤吧！爸爸,9.1,家庭,印度,https://movie.douban.com/subject/26387939/,https://img3.doubanio.com/view/photo/s_ratio_poster/public/p2457983084.jpg
唐吉柯德,9.4,喜剧,俄罗斯,https://movie.douban.com/subject/3838100/,https://img3.doubanio.com/lpic/s3874775.jpg
娜斯佳和她的父亲们,9.0,喜剧,俄罗斯,https://movie.douban.com/subject/4040438/,https://img3.doubanio.com/view/photo/s_ratio_poster/public/p2190397911.jpg
战争与和平2：娜塔莎·罗斯托娃,9.1,爱情,俄罗斯,https://movie.douban.com/subject/1303712/,https://img1.doubanio.com/view/photo/s_ratio_poster/public/p2511436787.jpg
士兵之歌,9.0,爱情,俄罗斯,https://movie.douban.com/subject/1295614/,https://img1.doubanio.com/view/photo/s_ratio_poster/public/p806332287.jpg
战争与和平,9.0,爱情,俄罗斯,https://movie.douban.com/subject/1307067/,https://img3.doubanio.com/view/photo/s_ratio_poster/public/p2074409805.jpg
柴可夫斯基芭蕾舞剧：胡桃夹子,9.0,爱情,俄罗斯,https://movie.douban.com/subject/3541997/,https://img3.doubanio.com/view/photo/s_ratio_poster/public/p2327920276.jpg
娜斯佳和她的父亲们,9.0,爱情,俄罗斯,https://movie.douban.com/subject/4040438/,https://img3.doubanio.com/view/photo/s_ratio_poster/public/p2190397911.jpg
礼帽老夫人,9.4,家庭,俄罗斯,https://movie.douban.com/subject/3766275/,https://img3.doubanio.com/lpic/s3812403.jpg
小熊维尼,9.2,家庭,俄罗斯,https://movie.douban.com/subject/2064670/,https://img3.doubanio.com/view/photo/s_ratio_poster/public/p1833095940.jpg
小熊维尼去做客,9.2,家庭,俄罗斯,https://movie.douban.com/subject/2064673/,https://img3.doubanio.com/view/photo/s_ratio_poster/public/p1812461532.jpg
小熊维尼与操劳的一天,9.2,家庭,俄罗斯,https://movie.douban.com/subject/1871566/,https://img3.doubanio.com/lpic/s4042414.jpg
小猫虎子,9.1,家庭,俄罗斯,https://movie.douban.com/subject/2173840/,https://img1.doubanio.com/view/photo/s_ratio_poster/public/p2376412788.jpg
鳄鱼根纳,9.2,家庭,俄罗斯,https://movie.douban.com/subject/3766259/,https://img1.doubanio.com/view/photo/s_ratio_poster/public/p2321191529.jpg
娜斯佳和她的父亲们,9.0,家庭,俄罗斯,https://movie.douban.com/subject/4040438/,https://img3.doubanio.com/view/photo/s_ratio_poster/public/p2190397911.jpg
小鞋子,9.2,家庭,伊朗,https://movie.douban.com/subject/1303021/,https://img3.doubanio.com/view/photo/s_ratio_poster/public/p2173580603.jpg
"Russell Peters: Two Concerts, One Ticket",9.3,喜剧,加拿大,https://movie.douban.com/subject/6087827/,https://img1.doubanio.com/lpic/s4699657.jpg
Rocky Horror Tribute Show,9.3,喜剧,加拿大,https://movie.douban.com/subject/3539046/,https://img3.doubanio.com/lpic/s3598686.jpg
拉塞尔·皮特斯：红白褐,9.2,喜剧,加拿大,https://movie.douban.com/subject/3578890/,https://img3.doubanio.com/view/photo/s_ratio_poster/public/p2320299004.jpg
拉塞尔·皮特斯：幽默无国界,9.0,喜剧,加拿大,https://movie.douban.com/subject/4186797/,https://img3.doubanio.com/view/photo/s_ratio_poster/public/p2320297416.jpg
Russell Peters: Show Me the Funny,9.0,喜剧,加拿大,https://movie.douban.com/subject/5380957/,https://img3.doubanio.com/lpic/s4551740.jpg
彩虹,9.0,喜剧,加拿大,https://movie.douban.com/subject/1971485/,https://img3.doubanio.com/view/photo/s_ratio_poster/public/p503390374.jpg
清秀佳人第二部,9.2,爱情,加拿大,https://movie.douban.com/subject/5047697/,https://img3.doubanio.com/view/photo/s_ratio_poster/public/p1968503455.jpg
绝不松开我的拳头,9.0,爱情,加拿大,https://movie.douban.com/subject/26199883/,https://img1.doubanio.com/view/photo/s_ratio_poster/public/p2207905589.jpg
清秀佳人第二部,9.2,家庭,加拿大,https://movie.douban.com/subject/5047697/,https://img3.doubanio.com/view/photo/s_ratio_poster/public/p1968503455.jpg
小丘月圆,9.1,家庭,加拿大,https://movie.douban.com/subject/1302752/,https://img3.doubanio.com/view/photo/s_ratio_poster/public/p2334104591.jpg
大海的孩子,9.0,家庭,加拿大,https://movie.douban.com/subject/3274441/,https://img3.doubanio.com/view/photo/s_ratio_poster/public/p2206274006.jpg
追梦的人,9.1,家庭,加拿大,https://movie.douban.com/subject/2338188/,https://img3.doubanio.com/view/photo/s_ratio_poster/public/p2027504746.jpg
童年记趣,9.0,家庭,加拿大,https://movie.douban.com/subject/1305995/,https://img3.doubanio.com/view/photo/s_ratio_poster/public/p992547963.jpg
太阳马戏团：神秘人,9.0,家庭,加拿大,https://movie.douban.com/subject/1308175/,https://img1.doubanio.com/view/photo/s_ratio_poster/public/p1445179819.jpg
彩虹,9.0,家庭,加拿大,https://movie.douban.com/subject/1971485/,https://img3.doubanio.com/view/photo/s_ratio_poster/public/p503390374.jpg
快乐王子,9.0,家庭,加拿大,https://movie.douban.com/subject/2043312/,https://img1.doubanio.com/lpic/s23117678.jpg
土豆工厂,9.4,喜剧,澳大利亚,https://movie.douban.com/subject/1793083/,https://img3.doubanio.com/view/photo/s_ratio_poster/public/p2233036824.jpg
迪伦·莫兰脱口秀,9.2,喜剧,澳大利亚,https://movie.douban.com/subject/4850732/,https://img3.doubanio.com/view/photo/s_ratio_poster/public/p2238117095.jpg
Tim Minchin: So Live,9.0,喜剧,澳大利亚,https://movie.douban.com/subject/3893420/,https://img3.doubanio.com/view/photo/s_ratio_poster/public/p2509370314.jpg
Aim Low:The Best of Dylan Moran,9.6,喜剧,爱尔兰,https://movie.douban.com/subject/5913043/,https://img1.doubanio.com/lpic/s4596109.jpg
Dylan Moran: Off the Hook,9.3,喜剧,爱尔兰,https://movie.douban.com/subject/26691373/,https://img1.doubanio.com/view/photo/s_ratio_poster/public/p2384088429.jpg
"Dylan Moran: Yeah, Yeah",9.2,喜剧,爱尔兰,https://movie.douban.com/subject/6790958/,https://img3.doubanio.com/view/photo/s_ratio_poster/public/p2509392905.jpg
迪伦·莫兰脱口秀,9.2,喜剧,爱尔兰,https://movie.douban.com/subject/4850732/,https://img3.doubanio.com/view/photo/s_ratio_poster/public/p2238117095.jpg
Monster,9.2,喜剧,爱尔兰,https://movie.douban.com/subject/1957933/,https://img3.doubanio.com/view/photo/s_ratio_poster/public/p2263825453.jpg
喜之所有,9.1,喜剧,爱尔兰,https://movie.douban.com/subject/3140108/,https://img3.doubanio.com/view/photo/s_ratio_poster/public/p1257546382.jpg
布朗夫人的儿子们：2015圣诞特别篇,9.0,喜剧,爱尔兰,https://movie.douban.com/subject/26698398/,https://img3.doubanio.com/view/photo/s_ratio_poster/public/p2310452506.jpg
爱玛和丹尼尔的夏天,9.2,家庭,瑞典,https://movie.douban.com/subject/2258917/,https://img1.doubanio.com/lpic/s2704847.jpg
喧闹村的孩子们,9.0,家庭,瑞典,https://movie.douban.com/subject/4063960/,https://img3.doubanio.com/view/photo/s_ratio_poster/public/p1951998814.jpg
我亲爱的甜橙树,9.1,家庭,巴西,https://movie.douban.com/subject/4166690/,https://img3.doubanio.com/view/photo/s_ratio_poster/public/p2509241465.jpg
克拉姆一家,9.0,喜剧,丹麦,https://movie.douban.com/subject/1769053/,https://img3.doubanio.com/view/photo/s_ratio_poster/public/p2293611514.jpg
克拉姆一家2,9.0,喜剧,丹麦,https://movie.douban.com/subject/1775004/,https://img3.doubanio.com/view/photo/s_ratio_poster/public/p2174525566.jpg
克拉姆一家,9.0,家庭,丹麦,https://movie.douban.com/subject/1769053/,https://img3.doubanio.com/view/photo/s_ratio_poster/public/p2293611514.jpg
克拉姆一家2,9.0,家庭,丹麦,https://movie.douban.com/subject/1775004/,https://img3.doubanio.com/view/photo/s_ratio_poster/public/p2174525566.jpg
